song_name,artist_name,lyrics,estilo,song_url,album,release_date,track_name,duration_ms,popularity,normalized_song_name,normalized_artist_name,release_year,lyrics_processed,num_versos,len_lyrics
Candombito,Kevin Johansen,"Los acordes y el bajo siguen en casi toda la canción, la melodía no<br>la excepción es la parte que es así...",bal,https://acordes.lacuerda.net/kevin_johansen/candombito,Sur o No Sur,2003-11-04 00:00:00,Candombito,274040.0,28.0,candombito,kevin johansen,2003.0,"Los acordes y el bajo siguen en casi toda la canción, la melodía no<br>la excepción es la parte que es así...",1,109
Everything Is Falling Into Place,Kevin Johansen,Do (8vo),bal,https://acordes.lacuerda.net/kevin_johansen/everything_is_falling_into_place,City Zen,2004-11-23 00:00:00,Everything Is (Falling Into Place),211226.0,23.0,everything is falling into place,kevin johansen,2004.0,Do (8vo),0,8
Regresa,Nocturnos,"que vuelvas pronto, aqui ami lado<br>No puedo vivir sin ti<br>quiero que vuelvas pronto mi amor.<br>Amor !!!  porque me dejas.<br>Regresa ...regresa a mi.",bal,https://acordes.lacuerda.net/nocturnos/regresa,,,,,,regresa,nocturnos,,"que vuelvas pronto, aqui ami lado<br>No puedo vivir sin ti<br>quiero que vuelvas pronto mi amor.<br>Amor !!!  porque me dejas.<br>Regresa ...regresa a mi.",4,154
Y Ahora Mi Cancion Va,Marilina Ross,"Quiero decirles que los quiero mucho<br>que ustedes ya,se me metieron muy adentro<br>donde no existen palabras<br>donde todo es sentimiento<br>Así de cortita es esta canción!!!",can,https://acordes.lacuerda.net/marilina_ross/y_ahora_mi_cancion_va,,,,,,y ahora mi cancion va,marilina ross,,"Quiero decirles que los quiero mucho<br>que ustedes ya,se me metieron muy adentro<br>donde no existen palabras<br>donde todo es sentimiento<br>Así de cortita es esta canción!!!",4,176
Oracion Del Remanso,Nahuel Pennisi,"Aquí comenzaría la segunda estrofa, ya con rasguido.<br>Acordes en transcripcion aparte :)<br>Por cualquier consulta me pueden escribir a joaquinencinas@outlook.com<br>Buena suerte. Joaco.",can,https://acordes.lacuerda.net/nahuel_pennisi/oracion_del_remanso,Primavera,2015-12-11 00:00:00,Oración del Remanso,310520.0,39.0,oracion del remanso,nahuel pennisi,2015.0,"Aquí comenzaría la segunda estrofa, ya con rasguido.<br>Acordes en transcripcion aparte :)<br>Por cualquier consulta me pueden escribir a joaquinencinas@outlook.com<br>Buena suerte. Joaco.",3,188
Forever En Los Suenios,Sr Rulli,"Voy a verte siempre<br>Forever, en los sueños<br>En el corazón de la mente<br>En este lugar",can,https://acordes.lacuerda.net/sr_rulli/forever_en_los_suenios,,,,,,forever en los suenios,sr rulli,,"Voy a verte siempre<br>Forever, en los sueños<br>En el corazón de la mente<br>En este lugar",3,91
Me Goce,Alejandro Alonso,"Me gocé con los que decían<br>""Iremos a la casa del Señor""<br>Estaremos dentro de tus puertas<br>¡Oh Jerusalén!",pop,https://acordes.lacuerda.net/alejandro_alonso/me_goce,Tu Santidad Me Envuelve,1994-01-01 00:00:00,Me Gocé,169880.0,16.0,me goce,alejandro alonso,1994.0,"Me gocé con los que decían<br>""Iremos a la casa del Señor""<br>Estaremos dentro de tus puertas<br>¡Oh Jerusalén!",3,111
Mas Barato,Limando,"Es más barato,<br>es más barato<br>Es más barato,<br>Es más barato el vino malo es más barato<br>https://play.spotify.com/track/1j8yBLqsE55RUYbDcf7NJC",pop,https://acordes.lacuerda.net/limando/mas_barato,Toti Toti,2012-05-04 00:00:00,Más Barato,118982.0,11.0,mas barato,limando,2012.0,"Es más barato,<br>es más barato<br>Es más barato,<br>Es más barato el vino malo es más barato<br>https://play.spotify.com/track/1j8yBLqsE55RUYbDcf7NJC",4,150
Ven Conmigo,Rey De Reyes,"Ven conmigo hoy, ven conmigo hoy<br>nunca es tarde, no es tan tarde, no es tarde para ti<br>Yo tengo un plan para ti, tengo un plan para ti<br>sera mucho mas, sera lo mejor, seras lleno de mi<br>Abre el corazón y déjame entrar/////",rel,https://acordes.lacuerda.net/rey_de_reyes/ven_conmigo,Despertar,2013-05-07 00:00:00,Ven Conmigo,200280.0,15.0,ven conmigo,rey de reyes,2013.0,"Ven conmigo hoy, ven conmigo hoy<br>nunca es tarde, no es tan tarde, no es tarde para ti<br>Yo tengo un plan para ti, tengo un plan para ti<br>sera mucho mas, sera lo mejor, seras lleno de mi<br>Abre el corazón y déjame entrar/////",4,231
Abba Padre,Toma Tu Lugar,"Soy tu hijo, Abba Padre, tú eres suficiente para mí,<br>Camino de tu mano y confío en ti, tú eres mi principio y mi fin.<br>Soy tu hijo, Abba Padre, tú eres suficiente para mí,<br>Camino de tu mano y confío en ti, tú eres mi principio y mi fin.",rel,https://acordes.lacuerda.net/toma_tu_lugar/abba_padre,,,,,,abba padre,toma tu lugar,,"Soy tu hijo, Abba Padre, tú eres suficiente para mí,<br>Camino de tu mano y confío en ti, tú eres mi principio y mi fin.<br>Soy tu hijo, Abba Padre, tú eres suficiente para mí,<br>Camino de tu mano y confío en ti, tú eres mi principio y mi fin.",3,244
Mi Plenitud,Toma Tu Lugar,"Cristo Jesús, eres mi plenitud<br>Cristo Jesús, eres mi plenitud<br>Si te tengo a ti lo tengo todo<br>Mi amado, mi tesoro<br>Fuera de ti nada deseo, Jesús",rel,https://acordes.lacuerda.net/toma_tu_lugar/mi_plenitud,Uno En Cristo,2017-08-08 00:00:00,Mi Plenitud (Espontáneo),315920.0,46.0,mi plenitud,toma tu lugar,2017.0,"Cristo Jesús, eres mi plenitud<br>Cristo Jesús, eres mi plenitud<br>Si te tengo a ti lo tengo todo<br>Mi amado, mi tesoro<br>Fuera de ti nada deseo, Jesús",4,154
Besame,Vida Nueva Music,"// Quiero estar contigo Dios, tener intimidad<br>Sentarme en tu regazo, llenarme de tus brazos<br>// Bésame, ámame, llévame en tus brazos de amor<br>Bésame con besos de tu boca,<br>Muéstrame tu rostro, hazme oír tu voz",rel,https://acordes.lacuerda.net/vida_nueva_music/besame,Rios en las alturas,2022-09-21 00:00:00,Besame,327426.0,0.0,besame,vida nueva music,2022.0,"// Quiero estar contigo Dios, tener intimidad<br>Sentarme en tu regazo, llenarme de tus brazos<br>// Bésame, ámame, llévame en tus brazos de amor<br>Bésame con besos de tu boca,<br>Muéstrame tu rostro, hazme oír tu voz",4,218
Que Descienda Tu Paz,Guada Fonseca,Que descienda tu paz<br>Que descienda Señor<br>Que se inunde la tierra  de tu bendición<br>Paz a los hombres<br>y Gloria  al  Señor,rel,https://acordes.lacuerda.net/guada_fonseca/que_descienda_tu_paz,,,,,,que descienda tu paz,guada fonseca,,Que descienda tu paz<br>Que descienda Señor<br>Que se inunde la tierra  de tu bendición<br>Paz a los hombres<br>y Gloria  al  Señor,4,131
Caballo Negro,Almafuerte,|_2x_________________2x________________2x_____<br>___2x_|,rok,https://acordes.lacuerda.net/almafuerte/caballo_negro,Trillando la Fina,,Caballo negro,122600.0,25.0,caballo negro,almafuerte,,|_2x_________________2x________________2x_____<br>___2x_|,1,57
Verde Llano,Almendra,La canción es instrumental.<br>Parte 1 (00:00)<br>Parte 2 (00:30)<br>Parte 3 (00:56)<br>Parte 4 (01:11),rok,https://acordes.lacuerda.net/almendra/verde_llano,Almendra,1970-09-01 00:00:00,Verde Llano,94093.0,19.0,verde llano,almendra,1970.0,La canción es instrumental.<br>Parte 1 (00:00)<br>Parte 2 (00:30)<br>Parte 3 (00:56)<br>Parte 4 (01:11),4,103
Hay Momentos,Arcoiris,"Hay momentos, que las palabras no alcanzan,<br>para decirte lo que siento, Bendito Salvador. (Bis)<br>Yo te agradezco, por todo lo que has hecho,<br>por todo lo que haces, por todo lo que harás. (Bis)<br>(Se repite completo)",rok,https://acordes.lacuerda.net/arcoiris/hay_momentos,,,,,,hay momentos,arcoiris,,"Hay momentos, que las palabras no alcanzan,<br>para decirte lo que siento, Bendito Salvador. (Bis)<br>Yo te agradezco, por todo lo que has hecho,<br>por todo lo que haces, por todo lo que harás. (Bis)<br>(Se repite completo)",4,224
Dia A Dia,Boom Boom Kid,"Ignorare... todos los comentarios qe vengan de ti...<br>Y saltare... a todas las trabas qe me puedas poner...<br>y seguire, como sea, como pueda donde tenga qe ir...<br>y abrazare todas las causas justas qe me hagan vivir..<br>Espero que les haya servido y saludos",rok,https://acordes.lacuerda.net/boom_boom_kid/dia_a_dia,Espontaneos Minutos 2x2 Es 16 Odas Dada Tunes,2007-11-14 00:00:00,Dia a Dia,51040.0,5.0,dia a dia,boom boom kid,2007.0,"Ignorare... todos los comentarios qe vengan de ti...<br>Y saltare... a todas las trabas qe me puedas poner...<br>y seguire, como sea, como pueda donde tenga qe ir...<br>y abrazare todas las causas justas qe me hagan vivir..<br>Espero que les haya servido y saludos",4,264
Interplanet Communication,Boom Boom Kid,"Interplanet communication<br>Au, au, au, au<br>Au, au, au, au<br>Au, au, au, au<br>Au, au, au, au",rok,https://acordes.lacuerda.net/boom_boom_kid/interplanet_communication,Demasiado en Fiestas Sin Timón y Con el Mono al Hombro,2014-10-14 00:00:00,Interplanet Communication,67333.0,3.0,interplanet communication,boom boom kid,2014.0,"Interplanet communication<br>Au, au, au, au<br>Au, au, au, au<br>Au, au, au, au<br>Au, au, au, au",4,97
4 De Copas,Caballeros De La Quema,Estrofa<br>Bridge<br>Estribo<br>Final<br>NO te pierdas la oportunidad de escribirles a los caballeros!!!,rok,https://acordes.lacuerda.net/caballeros_de_la_quema/4_de_copas,,,,,,4 de copas,caballeros de la quema,,Estrofa<br>Bridge<br>Estribo<br>Final<br>NO te pierdas la oportunidad de escribirles a los caballeros!!!,4,104
Jodido Noviembre,Caballeros De La Quema,Estrofa<br>Bridge 1<br>Estribo<br>Mandale  un mail a los Caballeros!!!!!,rok,https://acordes.lacuerda.net/caballeros_de_la_quema/jodido_noviembre,Provincia Emergente Estadio Unico de La Plata (En Vivo),2017-11-10 00:00:00,Jodido Noviembre (En Vivo Provincia Emergente),311000.0,21.0,jodido noviembre,caballeros de la quema,2017.0,Estrofa<br>Bridge 1<br>Estribo<br>Mandale  un mail a los Caballeros!!!!!,3,72
Los Tipos Duros No Bailan,Caballeros De La Quema,Estribo<br>Escribile a los Caballeros....,rok,https://acordes.lacuerda.net/caballeros_de_la_quema/los_tipos_duros_no_bailan,"Perros, Perros y Perros",1996-02-14 00:00:00,Los Tipos Duros No Bailan,217640.0,17.0,los tipos duros no bailan,caballeros de la quema,1996.0,Estribo<br>Escribile a los Caballeros....,1,41
No Hay,Caballeros De La Quema,Estrofa<br>Bridge<br>No seas perejil y escribile a los Caballeros....,rok,https://acordes.lacuerda.net/caballeros_de_la_quema/no_hay,"Perros, Perros y Perros",1996-02-14 00:00:00,No Hay,244386.0,18.0,no hay,caballeros de la quema,1996.0,Estrofa<br>Bridge<br>No seas perejil y escribile a los Caballeros....,2,69
Perreras,Caballeros De La Quema,Bridge<br>Estribo,rok,https://acordes.lacuerda.net/caballeros_de_la_quema/perreras,Caballeros De La Quema En Vivo / Obras,1999-11-08 00:00:00,Perreras (En Vivo),312773.0,16.0,perreras,caballeros de la quema,1999.0,Bridge<br>Estribo,1,17
Que Pasa En El Barrio,Caballeros De La Quema,Estrofa<br>Bridge<br>Estribo<br>Escribile a los Caballeros!!!!!!!!!!,rok,https://acordes.lacuerda.net/caballeros_de_la_quema/que_pasa_en_el_barrio,Provincia Emergente Estadio Unico de La Plata (En Vivo),2017-11-10 00:00:00,Que Pasa En el Barrio (En Vivo Provincia Emergente),316644.0,24.0,que pasa en el barrio,caballeros de la quema,2017.0,Estrofa<br>Bridge<br>Estribo<br>Escribile a los Caballeros!!!!!!!!!!,3,68
Todos,Caballeros De La Quema,Estrofa<br>Estribo<br>Bridge,rok,https://acordes.lacuerda.net/caballeros_de_la_quema/todos,La Paciencia De La Araña,1998-07-01 00:00:00,Todos Atrás y Dios de Nueve,274800.0,43.0,todos,caballeros de la quema,1998.0,Estrofa<br>Estribo<br>Bridge,2,28
Todos Decimos Nada,Caballeros De La Quema,Estrofa<br>Estribillo,rok,https://acordes.lacuerda.net/caballeros_de_la_quema/todos_decimos_nada,"Perros, Perros y Perros",1996-02-14 00:00:00,Todos Decimos Nada,211933.0,10.0,todos decimos nada,caballeros de la quema,1996.0,Estrofa<br>Estribillo,1,21
El Dedo En La Llaga,Carajo,"NOTAS:<br>v = Vibrato<br>h = Hammer on<br>Espero que les haya servido, PURA VIDA!!<br>PD: AGUANTE BANDA SALVAJE!!!",rok,https://acordes.lacuerda.net/carajo/el_dedo_en_la_llaga,Frente a Frente,2013-09-25 00:00:00,El Dedo en la Llaga,225760.0,16.0,el dedo en la llaga,carajo,2013.0,"NOTAS:<br>v = Vibrato<br>h = Hammer on<br>Espero que les haya servido, PURA VIDA!!<br>PD: AGUANTE BANDA SALVAJE!!!",4,114
Mal Popular,Carajo,Verso:<br>UN PAÍS QUE NO PUEDE TERMINAR CON SU MAL......<br>Estribillo:<br>CUANDO LA JUSTICIA YA DEJE DE SER TAN CIEGA Y VEA AL PUEBLO!                  (VIENDO AL PUEBLO LLORARÁ!)<br>Consultas a justaphase202@hotmail.com,rok,https://acordes.lacuerda.net/carajo/mal_popular,Carajo,2002-08-01 00:00:00,Mal Popular,226120.0,19.0,mal popular,carajo,2002.0,Verso:<br>UN PAÍS QUE NO PUEDE TERMINAR CON SU MAL......<br>Estribillo:<br>CUANDO LA JUSTICIA YA DEJE DE SER TAN CIEGA Y VEA AL PUEBLO!                  (VIENDO AL PUEBLO LLORARÁ!)<br>Consultas a justaphase202@hotmail.com,4,221
Alma,Claudio Marciello,|-X2<br>|-X5<br>1:16,rok,https://acordes.lacuerda.net/claudio_marciello/alma,Identificado,2010-12-21 00:00:00,Alma de Budín,122171.0,11.0,alma,claudio marciello,2010.0,|-X2<br>|-X5<br>1:16,2,20
De Pie,Claudio Marciello,TODO RAPIDO<br>RAPIDO<br>Aguante el Tano... LOCO!!!,rok,https://acordes.lacuerda.net/claudio_marciello/de_pie,De Pie,2004-06-18 00:00:00,De Pie,110346.0,25.0,de pie,claudio marciello,2004.0,TODO RAPIDO<br>RAPIDO<br>Aguante el Tano... LOCO!!!,2,51
Rock Directo,Claudio Marciello,RIFF 1<br>RIFF 2<br>PRE CORO<br>BASE SOLO<br>FIN,rok,https://acordes.lacuerda.net/claudio_marciello/rock_directo,Rock Directo,2013-06-14 00:00:00,Rock Directo,213226.0,8.0,rock directo,claudio marciello,2013.0,RIFF 1<br>RIFF 2<br>PRE CORO<br>BASE SOLO<br>FIN,4,48
13 Segundos Colosales,Cuentos Borgeanos,"Hoy desaparecio<br>esa herida al corazon<br>Ya fue el mar, fue Dios<br>Tal vez una cancion<br>Desaparecio oh",rok,https://acordes.lacuerda.net/cuentos_borgeanos/13_segundos_colosales,Fantasmas de Lo Nuevo,2002-10-11 00:00:00,13 Segundos Colosales,15813.0,0.0,13 segundos colosales,cuentos borgeanos,2002.0,"Hoy desaparecio<br>esa herida al corazon<br>Ya fue el mar, fue Dios<br>Tal vez una cancion<br>Desaparecio oh",4,108
Intro,De Romanticistas Shaolins,Tus ojos sobre mi<br>mirandome en la oscuridad...,rok,https://acordes.lacuerda.net/de_romanticistas_shaolins/intro,Adonde vas eh!!,,Intro - Intro,68586.0,3.0,intro,de romanticistas shaolins,,Tus ojos sobre mi<br>mirandome en la oscuridad...,1,49
Un Rap,Emmanuel Horvilleur,"Yo la quiero conquistar y no le gusta<br>Y me pide más pastillas para continuar<br>Yo la quiero conquistar y le disgusta<br>Y me pide poca techno, nunca cumbia, rock & roll<br>Un rap, un rap, un rap...",rok,https://acordes.lacuerda.net/emmanuel_horvilleur/un_rap,Rocanrolero,2005-01-01 00:00:00,Un Rap,173920.0,10.0,un rap,emmanuel horvilleur,2005.0,"Yo la quiero conquistar y no le gusta<br>Y me pide más pastillas para continuar<br>Yo la quiero conquistar y le disgusta<br>Y me pide poca techno, nunca cumbia, rock & roll<br>Un rap, un rap, un rap...",4,201
Paso Los Canales,Expulsados,"Paso los canales, paso los canales, paso los canales<br>Paso los canales, paso los canales, paso los canales<br>Paso los canales, paso....<br>Paso los canales, paso....<br>Repite puente y termina en B",rok,https://acordes.lacuerda.net/expulsados/paso_los_canales,Expulsados,1999-01-01 00:00:00,Paso los Canales,83893.0,6.0,paso los canales,expulsados,1999.0,"Paso los canales, paso los canales, paso los canales<br>Paso los canales, paso los canales, paso los canales<br>Paso los canales, paso....<br>Paso los canales, paso....<br>Repite puente y termina en B",4,200
Botas No Nunca Mas,Flema,"EL primer punteo que saco de oido,<br>dudas o puteadas a ernesto@internetcer.com",rok,https://acordes.lacuerda.net/flema/botas_no_nunca_mas,,,,,,botas no nunca mas,flema,,"EL primer punteo que saco de oido,<br>dudas o puteadas a ernesto@internetcer.com",1,80
Fan Pipol,Flema,"Leo matioli, leo garcia, leo rodriguez, Riky Espinoza.<br>Escuchan fan pipol, escuchan fan pipol<br>Omar shane, omar shariff, omar chaban, omar adona,<br>jorge brasen, carlos bucowsky, eduardo galeano y los flema<br>Escuchan fan pipol, escuchan fan pipol",rok,https://acordes.lacuerda.net/flema/fan_pipol,,,,,,fan pipol,flema,,"Leo matioli, leo garcia, leo rodriguez, Riky Espinoza.<br>Escuchan fan pipol, escuchan fan pipol<br>Omar shane, omar shariff, omar chaban, omar adona,<br>jorge brasen, carlos bucowsky, eduardo galeano y los flema<br>Escuchan fan pipol, escuchan fan pipol",4,254
Punk Rock Bariloche,Flema,"Punk rock Bariloche, punk rock bariloche, punk rock bariloche...",rok,https://acordes.lacuerda.net/flema/punk_rock_bariloche,Cinco de Copas,2002-01-01 00:00:00,Punk Rock Bariloche,157266.0,10.0,punk rock bariloche,flema,2002.0,"Punk rock Bariloche, punk rock bariloche, punk rock bariloche...",0,64
Apatia,Flemita,Apatia!!! Apatia!!! Apatia!!<br>Apatia!!! Apatia!!! Apatia!!<br>Apatia!!! Apatia!!! Apatia!!<br>Apatia!!! Apatia!!! Apatia!!,rok,https://acordes.lacuerda.net/flemita/apatia,Raro? Raro Tenes el Orto,2018-10-26 00:00:00,Apatia,125333.0,9.0,apatia,flemita,2018.0,Apatia!!! Apatia!!! Apatia!!<br>Apatia!!! Apatia!!! Apatia!!<br>Apatia!!! Apatia!!! Apatia!!<br>Apatia!!! Apatia!!! Apatia!!,3,124
No Me Gustan Los Jipis,Flemita,la 5ta cuerda la tónica principal (capisco?)<br>Después el punteito copado disminuido es<br>Espero que entiendan...aguante Flema,rok,https://acordes.lacuerda.net/flemita/no_me_gustan_los_jipis,Raro? Raro Tenes el Orto,2018-10-26 00:00:00,No Me Gustan los Jipis,191066.0,24.0,no me gustan los jipis,flemita,2018.0,la 5ta cuerda la tónica principal (capisco?)<br>Después el punteito copado disminuido es<br>Espero que entiendan...aguante Flema,2,128
About Me,Fun People,About Me!<br>esta cancion esta dedicada al lucho!!!viva fun people<br>dudas a funpeople77@hotmail.com,rok,https://acordes.lacuerda.net/fun_people/about_me,,,,,,about me,fun people,,About Me!<br>esta cancion esta dedicada al lucho!!!viva fun people<br>dudas a funpeople77@hotmail.com,2,101
Submerge Sumerge,Fun People,"Submerge, submerge your since into the black<br>Submerge, submerge your since into the black<br>Submerge, submerge your since into the black<br>Submerge, submerge your since into the black<br>Cualquier duda cosulta o sugerencia: marcelovillar@uole.com",rok,https://acordes.lacuerda.net/fun_people/submerge_sumerge,,,,,,submerge sumerge,fun people,,"Submerge, submerge your since into the black<br>Submerge, submerge your since into the black<br>Submerge, submerge your since into the black<br>Submerge, submerge your since into the black<br>Cualquier duda cosulta o sugerencia: marcelovillar@uole.com",4,251
Teenage Show,Fun People,"Bombardeados todo el día con su publicidad,<br>queriendo crear (en ti) necesidades<br>no esenciales para tu real felicidad<br>Teenage show wasting your time again,<br>final ac/dc",rok,https://acordes.lacuerda.net/fun_people/teenage_show,,,,,,teenage show,fun people,,"Bombardeados todo el día con su publicidad,<br>queriendo crear (en ti) necesidades<br>no esenciales para tu real felicidad<br>Teenage show wasting your time again,<br>final ac/dc",4,178
Ya No Formo Parte De Esto,Fun People,Chaauuuuoooorrgggghhhh!!!<br>dudas a mi mail bye!!!!!!pool family!!!!!,rok,https://acordes.lacuerda.net/fun_people/ya_no_formo_parte_de_esto,,,,,,ya no formo parte de esto,fun people,,Chaauuuuoooorrgggghhhh!!!<br>dudas a mi mail bye!!!!!!pool family!!!!!,1,70
Trago Amargo,Guasones,Ese tipo me dejo piel y hueso...,rok,https://acordes.lacuerda.net/guasones/trago_amargo,Con la Casa en Orden,2001-01-01 00:00:00,Trago Amargo,191573.0,13.0,trago amargo,guasones,2001.0,Ese tipo me dejo piel y hueso...,0,32
Horizonte Perdido,Hermetica,A5 / G5#<br>F5# / G5#<br>A5 / G5#<br>F5# / G5#,rok,https://acordes.lacuerda.net/hermetica/horizonte_perdido,Acido Argentino,1991-01-01 00:00:00,Horizonte Perdido,108906.0,28.0,horizonte perdido,hermetica,1991.0,A5 / G5#<br>F5# / G5#<br>A5 / G5#<br>F5# / G5#,3,46
El Padrino,Intoxicados,Ak empieza<br>Derechos de autor reservados.,rok,https://acordes.lacuerda.net/intoxicados/el_padrino,,,,,,el padrino,intoxicados,,Ak empieza<br>Derechos de autor reservados.,1,43
A 18 Del Sol,Luis A Spinetta,AGRADECERÍA MUCHO SI ALGUIEN PUEDE PONER LO QUE FALTA . . .<br>OJALÁ HASTA EL FINAL . . .<br>Esperando comentarios<br>peterarosm@gmail.com,rok,https://acordes.lacuerda.net/luis_a_spinetta/a_18_del_sol,A 18' Del Sol,1977-12-16 00:00:00,A Dieciocho Minutos del Sol,331560.0,33.0,a 18 del sol,luis a spinetta,1977.0,AGRADECERÍA MUCHO SI ALGUIEN PUEDE PONER LO QUE FALTA . . .<br>OJALÁ HASTA EL FINAL . . .<br>Esperando comentarios<br>peterarosm@gmail.com,3,138
Un Maniana,Luis A Spinetta,"|<br>ACORDES:<br>e: E.-12^-|<br>Bien, eso es todo...<br>Espero que les guste...<br>Saludos...",rok,https://acordes.lacuerda.net/luis_a_spinetta/un_maniana,,,,,,un maniana,luis a spinetta,,"|<br>ACORDES:<br>e: E.-12^-|<br>Bien, eso es todo...<br>Espero que les guste...<br>Saludos...",5,93
Castigador Por Herencia,Malon,RIFF PRINCIPAL: 2 VECES<br>ESTROFA: REPETIR 2 VECES<br>INTERLUDIO: 8 VECES<br>PRE-SOLO: MALA ENTRAÑA!!!!!!<br>ESTROFA DE VUELTA Y LUEGO FINAL:,rok,https://acordes.lacuerda.net/malon/castigador_por_herencia,Espíritu Combativo,,Castigador Por Herencia,218893.0,37.0,castigador por herencia,malon,,RIFF PRINCIPAL: 2 VECES<br>ESTROFA: REPETIR 2 VECES<br>INTERLUDIO: 8 VECES<br>PRE-SOLO: MALA ENTRAÑA!!!!!!<br>ESTROFA DE VUELTA Y LUEGO FINAL:,4,142
Fuiste Y Seras,Malon,SEGUNDA PARTE<br>REPITE 1° PARTE.<br>AEG.,rok,https://acordes.lacuerda.net/malon/fuiste_y_seras,Nuevo Orden Mundial,2015-09-25 00:00:00,Fuiste y Serás,272693.0,24.0,fuiste y seras,malon,2015.0,SEGUNDA PARTE<br>REPITE 1° PARTE.<br>AEG.,2,41
Blues Medieval,Mancha De Rolando,uuuuooooouuuooooooooo oooooo<br>uuuuooooouuuooooooooo oooooo<br>uuuuooooouuuooooooooo oooooo<br>uuuuooooouuuooooooooo oooooo,rok,https://acordes.lacuerda.net/mancha_de_rolando/blues_medieval,Juego De Locos,,Blues Medieval,254026.0,3.0,blues medieval,mancha de rolando,,uuuuooooouuuooooooooo oooooo<br>uuuuooooouuuooooooooo oooooo<br>uuuuooooouuuooooooooo oooooo<br>uuuuooooouuuooooooooo oooooo,3,124
El Gato,Mancha De Rolando,Riff:<br>Base:<br>Cuando canta es todo el tiempo: [B5]<br>Estribillo: RIFF,rok,https://acordes.lacuerda.net/mancha_de_rolando/el_gato,El Coctel del Tío Pupi,1994-01-15 00:00:00,El Gato,217887.0,1.0,el gato,mancha de rolando,1994.0,Riff:<br>Base:<br>Cuando canta es todo el tiempo: [B5]<br>Estribillo: RIFF,3,74
La Plegaria Del Obrero,Mastifal,PM .. ... .. ... .. ... .. .   .. ... .. ... .. ... ..<br>PM .. ... .. ... .. ... .. .   .. ... .. ... .. ... ..<br>Repite (A)(B)x3<br>PM ....   ....   .... .       ....   ....   ....    .<br>PM ....   ....   .... .       ....   ....   ....,rok,https://acordes.lacuerda.net/mastifal/la_plegaria_del_obrero,Holocausto Mental (Remastered),2000-04-01 00:00:00,La plegaria del obrero,251320.0,5.0,la plegaria del obrero,mastifal,2000.0,PM .. ... .. ... .. ... .. .   .. ... .. ... .. ... ..<br>PM .. ... .. ... .. ... .. .   .. ... .. ... .. ... ..<br>Repite (A)(B)x3<br>PM ....   ....   .... .       ....   ....   ....    .<br>PM ....   ....   .... .       ....   ....   ....,4,240
Traka Traka,Otro Yo,Traka traka traka traka<br>Tra tra tra traka<br>traka traka traka traka<br>tra tra tra traah...<br>FINAL,rok,https://acordes.lacuerda.net/otro_yo/traka_traka,Traka Traka,,Traka-Traka,105874.0,13.0,traka traka,otro yo,,Traka traka traka traka<br>Tra tra tra traka<br>traka traka traka traka<br>tra tra tra traah...<br>FINAL,4,104
Castillos Magicos Espanioles,Pappo,Verso:,rok,https://acordes.lacuerda.net/pappo/castillos_magicos_espanioles,,,,,,castillos magicos espanioles,pappo,,Verso:,0,6
Tema 1 O Hay Tiempo Para Elegir,Pappo,|--5--7--9--10--|<br>|--5--7--9--10--|<br>|--5--9--11--12-|<br>Riff intro                                    x4<br>Riff intro (2da parte),rok,https://acordes.lacuerda.net/pappo/tema_1_o_hay_tiempo_para_elegir,,,,,,tema 1 o hay tiempo para elegir,pappo,,|--5--7--9--10--|<br>|--5--7--9--10--|<br>|--5--9--11--12-|<br>Riff intro                                    x4<br>Riff intro (2da parte),4,137
Himno Nacional Argentino,Patricio Rey,*** No estoy seguro de los acordes<br>Chau nos vemos.... Aguante Skay y Los Redondos!!!!,rok,https://acordes.lacuerda.net/patricio_rey/himno_nacional_argentino,,,,,,himno nacional argentino,patricio rey,,*** No estoy seguro de los acordes<br>Chau nos vemos.... Aguante Skay y Los Redondos!!!!,1,88
La Pregunta,Pedro Aznar,Cualquier sugerencia o modificación con gusto a oscarstereo@yahoo.com,rok,https://acordes.lacuerda.net/pedro_aznar/la_pregunta,Contraluz,2016-01-01 00:00:00,La Pregunta,178280.0,11.0,la pregunta,pedro aznar,2016.0,Cualquier sugerencia o modificación con gusto a oscarstereo@yahoo.com,0,69
Aquello Que Late Y Espera,Pez,"Debo embestecer, hacer un coso de mí<br>ya no más buscar, ser aquello que late y espera<br>¿Para qué nuestra cuestión eterna?<br>Si lo sublime no tiene respuesta<br>Riff final:",rok,https://acordes.lacuerda.net/pez/aquello_que_late_y_espera,"Nueva Era, Viejas Mañas",2013-05-01 00:00:00,Aquello Que Late y Espera,89338.0,4.0,aquello que late y espera,pez,2013.0,"Debo embestecer, hacer un coso de mí<br>ya no más buscar, ser aquello que late y espera<br>¿Para qué nuestra cuestión eterna?<br>Si lo sublime no tiene respuesta<br>Riff final:",4,176
Rompe El Alba,Pez,Mientras los pajaros ha - blan<br>Y desha - blan<br>Rompe el  al - ba<br>Aso -  ma el  sol,rok,https://acordes.lacuerda.net/pez/rompe_el_alba,Cabeza,1994-11-01 00:00:00,Rompe el Alba,47266.0,6.0,rompe el alba,pez,1994.0,Mientras los pajaros ha - blan<br>Y desha - blan<br>Rompe el  al - ba<br>Aso -  ma el  sol,3,90
Breaking Away,Rata Blanca,El tema se basa el la progresión de los siguentes acordes:<br>Punteo de fondo en el final<br>que via el rock: o no cabrones,rok,https://acordes.lacuerda.net/rata_blanca/breaking_away,Entre el Cielo y el Infierno / El Libro Oculto,2001-06-15 00:00:00,Breaking Away,298800.0,17.0,breaking away,rata blanca,2001.0,El tema se basa el la progresión de los siguentes acordes:<br>Punteo de fondo en el final<br>que via el rock: o no cabrones,2,123
Jerusalen,Rata Blanca,Pm                     .............,rok,https://acordes.lacuerda.net/rata_blanca/jerusalen,Entre el Cielo y el Infierno,1995-01-24 00:00:00,Jerusalén,455000.0,24.0,jerusalen,rata blanca,1995.0,Pm                     .............,0,36
Otonio Medieval,Rata Blanca,"FIN<br>Esta es la más difícil que he sacado,<br>y tambien va por ti MAYRA",rok,https://acordes.lacuerda.net/rata_blanca/otonio_medieval,,,,,,otonio medieval,rata blanca,,"FIN<br>Esta es la más difícil que he sacado,<br>y tambien va por ti MAYRA",2,73
Por Que Es Tan Dificil Amar,Rata Blanca,SIM - MIm - LAM - REM - SOLM - MIm - FA#<br>AQUI ENTRA EL SOLO DEL PIANO (SUPONGO QUE ESA PARTE YA TE LA SABES)<br>SIM - MIm - LAM - REM - SOLM - MIm - FA#<br>SIm - SIM - MIm - LAM - REM - SOLM - MIm - FA#<br>////MIm - LAM - REM - SOLM - DOM - FA# - SIm - SIM//// (4 veces),rok,https://acordes.lacuerda.net/rata_blanca/por_que_es_tan_dificil_amar,"Magos, Espadas Y Rosas",2004-01-01 00:00:00,Por Que Es Tan Dificil Amar,330413.0,40.0,por que es tan dificil amar,rata blanca,2004.0,SIM - MIm - LAM - REM - SOLM - MIm - FA#<br>AQUI ENTRA EL SOLO DEL PIANO (SUPONGO QUE ESA PARTE YA TE LA SABES)<br>SIM - MIm - LAM - REM - SOLM - MIm - FA#<br>SIm - SIM - MIm - LAM - REM - SOLM - MIm - FA#<br>////MIm - LAM - REM - SOLM - DOM - FA# - SIm - SIM//// (4 veces),4,273
Dalia,Ratio,"Èste intro lleva gtr. Acùstica en las primeras 8 vueltas despuès entra con elèctrica limpia durante todo el tiempo de la letra y en el solo con distor.<br>Riff2      Èste Riff se toca durante el solo con distor y despuès del solo repitiendo la segunda estrofa de la letra ,despuès se<br>Cuatro veces y ese es el final<br>El ùltimo a corde se toca sòlamente en la ùltima vuelta",rok,https://acordes.lacuerda.net/ratio/dalia,,,,,,dalia,ratio,,"Èste intro lleva gtr. Acùstica en las primeras 8 vueltas despuès entra con elèctrica limpia durante todo el tiempo de la letra y en el solo con distor.<br>Riff2      Èste Riff se toca durante el solo con distor y despuès del solo repitiendo la segunda estrofa de la letra ,despuès se<br>Cuatro veces y ese es el final<br>El ùltimo a corde se toca sòlamente en la ùltima vuelta",3,376
La Calaka,Ratio,Riff 1     Èste Riff se toca dos veces despues del intro y en la ùltima vez se dejan las notas del ùltimo acorde sin callarlas<br>Entre la primera y la segunda repetidiòn se toca E# con palm muting en 16 rasgueos ràpidos.<br>E          Riff 2 Èste riff se toca durante los pàrrafos de la letra y en el coro es igual solo que con palm muting y sin los slides<br>Riff 3    Èste Riff se toca una vez despuès del coro.<br>Despuès del Solo se vuelve a tocar el coro y el Riff 3 solo que al ùltimo se espacìan mas los cuatro acordes finales.,rok,https://acordes.lacuerda.net/ratio/la_calaka,,,,,,la calaka,ratio,,Riff 1     Èste Riff se toca dos veces despues del intro y en la ùltima vez se dejan las notas del ùltimo acorde sin callarlas<br>Entre la primera y la segunda repetidiòn se toca E# con palm muting en 16 rasgueos ràpidos.<br>E          Riff 2 Èste riff se toca durante los pàrrafos de la letra y en el coro es igual solo que con palm muting y sin los slides<br>Riff 3    Èste Riff se toca una vez despuès del coro.<br>Despuès del Solo se vuelve a tocar el coro y el Riff 3 solo que al ùltimo se espacìan mas los cuatro acordes finales.,4,535
Guernica,Shaila,"y le extendí mis brazos para caer sobre él...<br>vi en mis manos arder el tiempo que se desangra en su llanto<br>Sé testigo de mi muerte, sé mi suerte onírica y real....<br>sé destino del camino, sé el sentido, el rumbo a recordar",rok,https://acordes.lacuerda.net/shaila/guernica,Cuando no quieras sentir (El musical) [Versión El musical],2023-06-16 00:00:00,Guernica - Versión El musical,224309.0,1.0,guernica,shaila,2023.0,"y le extendí mis brazos para caer sobre él...<br>vi en mis manos arder el tiempo que se desangra en su llanto<br>Sé testigo de mi muerte, sé mi suerte onírica y real....<br>sé destino del camino, sé el sentido, el rumbo a recordar",3,230
Epilogo,Skay Beilinson,Suelten las amarras!!!! Poly Herrera,rok,https://acordes.lacuerda.net/skay_beilinson/epilogo,El Engranaje de Cristal,2016-09-21 00:00:00,Epílogo,127826.0,15.0,epilogo,skay beilinson,2016.0,Suelten las amarras!!!! Poly Herrera,0,36
Para Mi,Soldado,"Ella tiene algo que es para mi, para mi<br>ella tiene algo y es para mi<br>Ella guarda algo y es para mi, para mi<br>ella guarda algo y es para mi  UHH UHHHH LARAIILALAIRA<br>UHH UHHHH",rok,https://acordes.lacuerda.net/soldado/para_mi,Luna en el Espejo,2014-05-01 00:00:00,Para Mi,252266.0,4.0,para mi,soldado,2014.0,"Ella tiene algo que es para mi, para mi<br>ella tiene algo y es para mi<br>Ella guarda algo y es para mi, para mi<br>ella guarda algo y es para mi  UHH UHHHH LARAIILALAIRA<br>UHH UHHHH",4,184
Amenabar,Spinetta Jade,Repite AAB,rok,https://acordes.lacuerda.net/spinetta_jade/amenabar,Alma de Diamante,1980-04-08 00:00:00,Amenábar,327066.0,40.0,amenabar,spinetta jade,1980.0,Repite AAB,0,10
La Flor Amarilla,Tamara Castro,"Primer tema que intento sacar y subo,<br>próximamente voy a tratar de completarlo con los acordes y demás adornos",rok,https://acordes.lacuerda.net/tamara_castro/la_flor_amarilla,,,,,,la flor amarilla,tamara castro,,"Primer tema que intento sacar y subo,<br>próximamente voy a tratar de completarlo con los acordes y demás adornos",1,113
Perdimos,Tristemente Celebres,Cambio A<br>Cambio B,rok,https://acordes.lacuerda.net/tristemente_celebres/perdimos,Tristemente Celebres,,Perdimos,194694.0,1.0,perdimos,tristemente celebres,,Cambio A<br>Cambio B,1,20
Pendeja,Villanos,"Bueno, dudas y correcciones a mi mail...<br>Saludos a todos y aguante Villanos!<br>'Quiero una mujer de verdad... no una hija que educar...'",rok,https://acordes.lacuerda.net/villanos/pendeja,No Disparen!,2004-11-30 00:00:00,Pendeja,233026.0,14.0,pendeja,villanos,2004.0,"Bueno, dudas y correcciones a mi mail...<br>Saludos a todos y aguante Villanos!<br>'Quiero una mujer de verdad... no una hija que educar...'",2,140
Resurreccion,Massacre,Parece un desierto la ciudad<br>ya es hora de resucitar<br>mañana ya verás<br>van a crecernos alas<br>Van a crecernos alas,rok,https://acordes.lacuerda.net/massacre/resurreccion,El Mamut,,Resurrección,255800.0,23.0,resurreccion,massacre,,Parece un desierto la ciudad<br>ya es hora de resucitar<br>mañana ya verás<br>van a crecernos alas<br>Van a crecernos alas,4,122
En La Estacion,Quebraditos,Los acordes en la rola.,rok,https://acordes.lacuerda.net/quebraditos/en_la_estacion,Quebraditos (2011),2011-01-01 00:00:00,En la estación,230625.0,7.0,en la estacion,quebraditos,2011.0,Los acordes en la rola.,0,23
La Lluvia De Esta Noche,Riesgo Mondiola,aguante Riesgo Mondiola . . .!!!!!!!<br>http://www.riesgomondiola.com.ar<br>http://www.fotolog.com/riesgo_mondiola,rok,https://acordes.lacuerda.net/riesgo_mondiola/la_lluvia_de_esta_noche,,,,,,la lluvia de esta noche,riesgo mondiola,,aguante Riesgo Mondiola . . .!!!!!!!<br>http://www.riesgomondiola.com.ar<br>http://www.fotolog.com/riesgo_mondiola,2,114
Noches De Ciencia Ficcion,Mi Amigo Invencible,Y todo el mundo quiere ser culpable<br>De acabar con todo nuestro amor<br>Y que me quede esta noche en casa<br>Cantando solo y pensando en vos,rok,https://acordes.lacuerda.net/mi_amigo_invencible/noches_de_ciencia_ficcion,La Danza de los Principiantes,2015-08-09 00:00:00,Noches de Ciencia Ficción,115947.0,29.0,noches de ciencia ficcion,mi amigo invencible,2015.0,Y todo el mundo quiere ser culpable<br>De acabar con todo nuestro amor<br>Y que me quede esta noche en casa<br>Cantando solo y pensando en vos,3,142
Fin De Anio,Ligas Menores,Guitarras en el piso<br>Glaciares congelados a nuestro alrededor<br>Guitarras en el piso<br>Me gustaría quedarme para siempre acá con vos<br>Termina con: D Dmaj7 D6 F#m G A G A,rok,https://acordes.lacuerda.net/ligas_menores/fin_de_anio,,,,,,fin de anio,ligas menores,,Guitarras en el piso<br>Glaciares congelados a nuestro alrededor<br>Guitarras en el piso<br>Me gustaría quedarme para siempre acá con vos<br>Termina con: D Dmaj7 D6 F#m G A G A,4,176
Carmen De Pantalones,Huevo,Pre estribillo<br>Estribillo<br>Verso<br>Pre estribillo<br>Estribillo<br>Final,rok,https://acordes.lacuerda.net/huevo/carmen_de_pantalones,No Todos Eren Como Ti,2017-05-21 00:00:00,Carmen de Pantalones,187315.0,13.0,carmen de pantalones,huevo,2017.0,Pre estribillo<br>Estribillo<br>Verso<br>Pre estribillo<br>Estribillo<br>Final,5,78
Flow De Cuyo,Perras On The Beach,"Am7 - D7sus2<br>Todo está perdido, lo sé<br>El mundo está jodido<br>Tal vez hay que cuidarnos como aquella vez",rok,https://acordes.lacuerda.net/perras_on_the_beach/flow_de_cuyo,Flow de Cuyo,2018-05-10 00:00:00,Flow de Cuyo,240210.0,27.0,flow de cuyo,perras on the beach,2018.0,"Am7 - D7sus2<br>Todo está perdido, lo sé<br>El mundo está jodido<br>Tal vez hay que cuidarnos como aquella vez",3,110
Tema De Todas Las Epocas,Reloj,Fin.,rok,https://acordes.lacuerda.net/reloj/tema_de_todas_las_epocas,,,,,,tema de todas las epocas,reloj,,Fin.,0,4
La Caza Del Mosquito,Alas,(1:42)<br>(1:57)<br>la! la! la! la!<br>Ese sería el trabajo de la guitarra en la canción,rok,https://acordes.lacuerda.net/alas/la_caza_del_mosquito,,,,,,la caza del mosquito,alas,,(1:42)<br>(1:57)<br>la! la! la! la!<br>Ese sería el trabajo de la guitarra en la canción,3,88
New Funk,Paso Nivel,RIFF 2:<br>RIFF FINAL:,rok,https://acordes.lacuerda.net/paso_nivel/new_funk,,,,,,new funk,paso nivel,,RIFF 2:<br>RIFF FINAL:,1,22
Amerika Bonita,Arbolito,- Repite la primera parte y despues sigue esta variación:<br>Los acordes de acompañamiento serían:,tra,https://acordes.lacuerda.net/arbolito/amerika_bonita,,,,,,amerika bonita,arbolito,,- Repite la primera parte y despues sigue esta variación:<br>Los acordes de acompañamiento serían:,1,98
Libertango,Astor Piazzola,"Bueno, tambien deje los acordes y si hay alguna duda serian:<br>Creo que la partitura en si esta perfecta lo que quizas tenga<br>errores es la tabulacion de los acordes, si hay algun problema<br>por favor enviarme un mail.<br>Saludos!",tra,https://acordes.lacuerda.net/astor_piazzola/libertango,,,,,,libertango,astor piazzola,,"Bueno, tambien deje los acordes y si hay alguna duda serian:<br>Creo que la partitura en si esta perfecta lo que quizas tenga<br>errores es la tabulacion de los acordes, si hay algun problema<br>por favor enviarme un mail.<br>Saludos!",4,234
Recauda Tus Prendas,Atahualpa Yupanqui,[-5s10-9s7-5-3s5-7-5-3-2-]<br>(Repite todo de vuelta)<br>(Repite intro)<br>Final<br>Si:--5s10-9-7-5--3-5-7-5-3-2-],tra,https://acordes.lacuerda.net/atahualpa_yupanqui/recauda_tus_prendas,,,,,,recauda tus prendas,atahualpa yupanqui,,[-5s10-9s7-5-3s5-7-5-3-2-]<br>(Repite todo de vuelta)<br>(Repite intro)<br>Final<br>Si:--5s10-9-7-5--3-5-7-5-3-2-],4,114
La Humilde,Carabajal,Melodía:<br>Melodia,tra,https://acordes.lacuerda.net/carabajal/la_humilde,,,,,,la humilde,carabajal,,Melodía:<br>Melodia,1,19
Damacita,Chaqueño Palavecino,/ : Arrastrar.,tra,https://acordes.lacuerda.net/chaquenio_palavecino/damacita,El Gusto Es Mio,2006-01-01 00:00:00,Damacita,176146.0,11.0,damacita,chaqueño palavecino,2006.0,/ : Arrastrar.,0,14
No Quisiera Quererte,Luciano Pereyra,"'No quisiera quererte, pero te quiero; ese castigo tiene<br>la vida mia; por tenerte conmigo, me desespero, pero si<br>te acercaras, me alejaria.'<br>El resto de las estrofas es igual musicalmente, pero varia un poco el estribillo:<br>'Dentro de mi corazon estas tu, y jamas podre olvidarte,",tra,https://acordes.lacuerda.net/luciano_pereyra/no_quisiera_quererte,Soy Tuyo,2002-01-01 00:00:00,No Quisiera Quererte,208026.0,34.0,no quisiera quererte,luciano pereyra,2002.0,"'No quisiera quererte, pero te quiero; ese castigo tiene<br>la vida mia; por tenerte conmigo, me desespero, pero si<br>te acercaras, me alejaria.'<br>El resto de las estrofas es igual musicalmente, pero varia un poco el estribillo:<br>'Dentro de mi corazon estas tu, y jamas podre olvidarte,",4,291
Garua,Roberto Goyeneche,(X2)                     (X2)<br>(Final),tra,https://acordes.lacuerda.net/roberto_goyeneche/garua,Antologia Roberto Goyeneche,2000-03-10 00:00:00,Garúa,178453.0,40.0,garua,roberto goyeneche,2000.0,(X2)                     (X2)<br>(Final),1,40
Te Sigo Extraniando,Cumbia,"Verso 1<br>Estribillo 1<br>Verso 2<br>Estribillo Final:<br>P, h: Hammer<br>/   : Slide",tro,https://acordes.lacuerda.net/cumbia/te_sigo_extraniando,,,,,,te sigo extraniando,cumbia,,"Verso 1<br>Estribillo 1<br>Verso 2<br>Estribillo Final:<br>P, h: Hammer<br>/   : Slide",5,86
Hoy Vengo A Pedirte Perdon,Del Bohio,Hoy vengo a pedirte perdon.. por el error que cometi<br>De haberte hecho tanto mal y lastimar tu corazon (repite)<br>(2da parte con los mismos acordes)<br>Estribillo<br>Volvera a nacer.. aquel gran amor.. que crecio una vez.. en tu corazon,tro,https://acordes.lacuerda.net/del_bohio/hoy_vengo_a_pedirte_perdon,Un Recuerdo Me Hace Llorar,2018-03-31 00:00:00,Hoy Vengo a Pedirte Perdón,148715.0,4.0,hoy vengo a pedirte perdon,del bohio,2018.0,Hoy vengo a pedirte perdon.. por el error que cometi<br>De haberte hecho tanto mal y lastimar tu corazon (repite)<br>(2da parte con los mismos acordes)<br>Estribillo<br>Volvera a nacer.. aquel gran amor.. que crecio una vez.. en tu corazon,4,239
Para Toda La Gente,Del Bohio,Donde los puedo encontrar<br>Mi ciudad.. Recuerdo de ayer.. lugar donde la gente me vio..<br>Y no los voy a olvidar<br>Sus costumbres y tambien su gran amor<br>Para toda aquella gente canto yo...,tro,https://acordes.lacuerda.net/del_bohio/para_toda_la_gente,Raza Tropical,,Para Toda la Gente,169116.0,4.0,para toda la gente,del bohio,,Donde los puedo encontrar<br>Mi ciudad.. Recuerdo de ayer.. lugar donde la gente me vio..<br>Y no los voy a olvidar<br>Sus costumbres y tambien su gran amor<br>Para toda aquella gente canto yo...,4,195
Polvo En El Viento,Del Bohio,Que me cobijo a mi<br>Voy... Trotamundo soy<br>Quiero junto a ti..  Vivir<br>Laa..     Laa..   Laa..<br>Laralala  Laralala Lalarala,tro,https://acordes.lacuerda.net/del_bohio/polvo_en_el_viento,Un Sueño Más,2018-10-10 00:00:00,Polvo en el Viento,210651.0,6.0,polvo en el viento,del bohio,2018.0,Que me cobijo a mi<br>Voy... Trotamundo soy<br>Quiero junto a ti..  Vivir<br>Laa..     Laa..   Laa..<br>Laralala  Laralala Lalarala,4,131
A Donde Vas,Del Fuego,bueno espero q les guste le faltan algunos arreglos pero suena bastante<br>bien saludos para los chicos de sila menor,tro,https://acordes.lacuerda.net/del_fuego/a_donde_vas,Somos los Mejores... Y Que Sigan Participando,2011-04-20 00:00:00,A Donde Vas,195735.0,38.0,a donde vas,del fuego,2011.0,bueno espero q les guste le faltan algunos arreglos pero suena bastante<br>bien saludos para los chicos de sila menor,1,117
Te Di Mis Besos,Garras De Amor,* ==============(Tono Original)============== *<br>* ==== (Transcripción: Rodrigo González) ==== *,tro,https://acordes.lacuerda.net/garras_de_amor/te_di_mis_besos,Grandes Éxitos (En Vivo),2016-09-08 00:00:00,Te Dí Mis Besos - En Vivo,111493.0,23.0,te di mis besos,garras de amor,2016.0,* ==============(Tono Original)============== *<br>* ==== (Transcripción: Rodrigo González) ==== *,1,98
Que Sera De Ti,Leales,"Gracias Junio 21, 2016",tro,https://acordes.lacuerda.net/leales/que_sera_de_ti,Exitos de oro,2010-04-12 00:00:00,Que Sera de Ti,199373.0,25.0,que sera de ti,leales,2010.0,"Gracias Junio 21, 2016",0,22
La Musiquera,Palmeras,"Yo tengo una chaparrita, que es una muchacha parrandera, x2<br>y como es tan abusadita, le dicen la musiquera. x2<br>Le dicen la musiquera, le dicen la musiquera, x2<br>musiquera hay por dios, vamos a rumbear los dos, x2<br>hay los dos hay los dos, vamos a rumbear los dos. x2",tro,https://acordes.lacuerda.net/palmeras/la_musiquera,Boquita Azucarada,1991-06-30 00:00:00,La Musiquera,216640.0,2.0,la musiquera,palmeras,1991.0,"Yo tengo una chaparrita, que es una muchacha parrandera, x2<br>y como es tan abusadita, le dicen la musiquera. x2<br>Le dicen la musiquera, le dicen la musiquera, x2<br>musiquera hay por dios, vamos a rumbear los dos, x2<br>hay los dos hay los dos, vamos a rumbear los dos. x2",4,276
Atento,Empuje,Atento que les voy a enseñar (x2)<br>a bailar cumbia y agitar<br>a bailar cumbia y basilar.<br>La basilamos los negros cumbieros<br>alzen las manos cumbieros no los veo,tro,https://acordes.lacuerda.net/empuje/atento,Cumbia Cha Cha!!!,2006-01-01 00:00:00,Atento,154520.0,11.0,atento,empuje,2006.0,Atento que les voy a enseñar (x2)<br>a bailar cumbia y agitar<br>a bailar cumbia y basilar.<br>La basilamos los negros cumbieros<br>alzen las manos cumbieros no los veo,4,168
Viendolo Bien,Chaques,Viéndolo bien ya no te voy<br>a detener<br>ya no te voy a suplicar<br>ya me canse.,tro,https://acordes.lacuerda.net/chaques/viendolo_bien,Vol 1,1995-04-14 00:00:00,Viendolo bien,117472.0,0.0,viendolo bien,chaques,1995.0,Viéndolo bien ya no te voy<br>a detener<br>ya no te voy a suplicar<br>ya me canse.,3,82
